{"NMAE": 0.11719300477990834, "R2": 0.2007775902748108, "Accuracy": 40.0, "best_cv_loss": 0.5616122007369995}