y_true_1,y_pred_1
5.0,4.411856
4.0,4.140667
4.0,4.8507257
5.6,4.7251177
5.3,4.604617
4.3,4.0549164
4.3,5.006668
5.0,5.0914893
4.4,4.70062
6.2,5.164893
4.5,4.7225103
4.4,4.820162
5.9,4.7097125
3.6,4.1100836
5.0,5.5074883
