{"NMAE": 2.0536583046867136, "R2": 0.9969309119042009, "Accuracy": 86.63194444444444, "best_cv_loss": 0.0023936663799263027}