{"NMAE": 0.38844176433366345, "R2": -0.322074294090271, "Accuracy": 11.923076923076923, "best_cv_loss": 805.5279507446288}