{"NMAE": 0.12376016384879429, "R2": 0.4342030882835388, "Accuracy": 45.0, "best_cv_loss": 0.5229808986186981}