{"NMAE": 0.1444733011887541, "R2": 0.05683368444442749, "Accuracy": 53.333333333333336, "best_cv_loss": 0.480104461312294}