{"NMAE": 0.09909110136296069, "R2": 0.2016656994819641, "Accuracy": 57.56302521008403, "best_cv_loss": 83.80078132629396}