{
    "x805": {
        "mean": 994.373979574511,
        "std": 93.59122392994196
    },
    "x807": {
        "mean": 99.82821266166277,
        "std": 9.355906635263683
    },
    "x334": {
        "mean": 7295.035152133825,
        "std": 1226.7430864690643
    },
    "x478": {
        "mean": 9989.38391872201,
        "std": 975.4452025454578
    },
    "x254": {
        "mean": 367.15350283913165,
        "std": 75.02798931279159
    },
    "x133": {
        "mean": 3721.064799269585,
        "std": 657.4976303542186
    },
    "x196": {
        "mean": 18664.758738639357,
        "std": 0.027688265766653196
    },
    "x584": {
        "mean": 10.075390863468826,
        "std": 0.9668479500494365
    },
    "x199": {
        "mean": 1050.298368013822,
        "std": 27.576261835109296
    },
    "x465": {
        "mean": 3570.72684111359,
        "std": 589.5574972581556
    },
    "x547": {
        "mean": 11869.64798214815,
        "std": 1671.1656625191567
    },
    "x154": {
        "mean": 10.553216770401242,
        "std": 0.26622373767708807
    },
    "x32": {
        "mean": 105.03934945849146,
        "std": 2.6913062224323836
    },
    "x546": {
        "mean": 756.9250426739611,
        "std": 149.29030878876674
    },
    "x352": {
        "mean": 10484.58045063883,
        "std": 267.27501745288345
    },
    "x29": {
        "mean": 1895.048212692534,
        "std": 333.6966617312912
    },
    "x72": {
        "mean": 10045.475052378326,
        "std": 917.1050841864935
    },
    "x230": {
        "mean": -93084.93585764621,
        "std": 11411.158528041287
    },
    "x436": {
        "mean": 100.09100999018163,
        "std": 9.364499467401497
    },
    "x602": {
        "mean": 8630.861258150026,
        "std": 1239.3855653250357
    },
    "x760": {
        "mean": 104.99378578981936,
        "std": 2.741374851296762
    },
    "x424": {
        "mean": 10.5549584711314,
        "std": 0.27527466186264
    },
    "x180": {
        "mean": 1001.2934012699428,
        "std": 93.06901411277174
    },
    "x453": {
        "mean": 105029.67625461011,
        "std": 2760.2637467569157
    },
    "x686": {
        "mean": 1048848.60636196,
        "std": 27444.37332114821
    },
    "x410": {
        "mean": 339.9725944671792,
        "std": 82.61296580065334
    },
    "x2": {
        "mean": 3415.7245060847354,
        "std": 408.52001889807036
    },
    "x151": {
        "mean": -64453.168127222736,
        "std": 7896.77087854129
    },
    "x231": {
        "mean": -70332.59439212328,
        "std": 8701.775518499573
    },
    "x315": {
        "mean": 11479.987041766826,
        "std": 1687.7648957019803
    },
    "x319": {
        "mean": 2.547181104081197,
        "std": 0.19273465048559557
    },
    "x8": {
        "mean": 10491.708053090424,
        "std": 278.4710548270347
    },
    "x528": {
        "mean": 1051.7713597320783,
        "std": 209.92933107327087
    },
    "x179": {
        "mean": 864436.0342465753,
        "std": 0.031105996788672857
    },
    "x437": {
        "mean": 2010.6337846890642,
        "std": 379.5823395878392
    },
    "x22": {
        "mean": 105.13194568340595,
        "std": 2.667296243447453
    },
    "x639": {
        "mean": 105014.45762809536,
        "std": 2711.51038810013
    },
    "x310": {
        "mean": 2.388174896245259,
        "std": 0.18449281265135445
    },
    "x668": {
        "mean": 425026.5568361433,
        "std": 61505.463666095246
    },
    "x594": {
        "mean": 2.5715307651756936,
        "std": 0.3568879623485118
    },
    "x63": {
        "mean": 105141.14399203108,
        "std": 2695.773722096929
    },
    "x740": {
        "mean": 1002870.3202713382,
        "std": 95529.79856897834
    },
    "x388": {
        "mean": 100.1794311475201,
        "std": 9.404643319654477
    },
    "x69": {
        "mean": 319660.08401936246,
        "std": 39750.716408707616
    },
    "x831": {
        "mean": 10001.451982246937,
        "std": 985.3283715040811
    },
    "x538": {
        "mean": 10289.178699103497,
        "std": 1530.8456052406827
    },
    "x822": {
        "mean": 10075.753298599677,
        "std": 948.3517662066397
    },
    "x819": {
        "mean": 917669.8641332982,
        "std": 110501.74812170684
    },
    "x349": {
        "mean": 2.3431703979021883,
        "std": 0.185394460029199
    },
    "x398": {
        "mean": 10.555910139616472,
        "std": 0.27641926062087224
    },
    "x370": {
        "mean": 3494.0968635004365,
        "std": 600.5520410585431
    },
    "x593": {
        "mean": 499058.36074157007,
        "std": 0.030082840183559438
    },
    "x220": {
        "mean": 5574.12832136727,
        "std": 1092.7234958931685
    },
    "x671": {
        "mean": 9893.4399496386,
        "std": 1399.410401647569
    },
    "x40": {
        "mean": -471777.24048340356,
        "std": 57825.851025376534
    },
    "x97": {
        "mean": 1049.6827110877405,
        "std": 27.439840790863077
    },
    "x82": {
        "mean": 10510.035968165503,
        "std": 266.13673165194837
    },
    "x56": {
        "mean": 105.09319615740922,
        "std": 2.6609942302084177
    },
    "x613": {
        "mean": 2.5739178180192117,
        "std": 0.32361989618344533
    },
    "x399": {
        "mean": 2.2377738827021028,
        "std": 0.23319497068964332
    },
    "x194": {
        "mean": 2.5657898465248,
        "std": 0.2116169349480051
    },
    "x773": {
        "mean": 11658.070432898116,
        "std": 1665.5126910994402
    },
    "x720": {
        "mean": 4702.191973767617,
        "std": 743.1663496889798
    },
    "x119": {
        "mean": 100.69316923505262,
        "std": 9.44423008998565
    },
    "x703": {
        "mean": 2796.4172113738146,
        "std": 473.0471605270872
    },
    "x577": {
        "mean": 1049.9032868685788,
        "std": 26.323410881144234
    },
    "x564": {
        "mean": 10488.559089749078,
        "std": 274.10553174450513
    },
    "x827": {
        "mean": 2472.409548213786,
        "std": 480.59860403815685
    },
    "x27": {
        "mean": 8664.047579123173,
        "std": 1469.6983462162657
    },
    "x621": {
        "mean": 906.8504191520217,
        "std": 142.89391923038954
    },
    "x181": {
        "mean": 946.4243334819444,
        "std": 170.1678183648575
    },
    "x28": {
        "mean": 105.088092832093,
        "std": 2.7442966388734904
    },
    "x824": {
        "mean": 807.6568227593087,
        "std": 164.73546528582023
    },
    "x107": {
        "mean": 2.252944183299363,
        "std": 0.17136628843843463
    },
    "x455": {
        "mean": 10.552229743611825,
        "std": 0.2733038983770036
    },
    "x688": {
        "mean": 8188.680220030131,
        "std": 917.7892929058579
    },
    "x582": {
        "mean": 10499.057031661618,
        "std": 267.7289070764858
    },
    "x672": {
        "mean": 2.259189882821102,
        "std": 0.2315632133216606
    },
    "x270": {
        "mean": 998.0128891586127,
        "std": 91.68535172427329
    },
    "x190": {
        "mean": 99715.92102706796,
        "std": 9101.112107201732
    },
    "x371": {
        "mean": 10.074368758246822,
        "std": 0.9938024038490451
    },
    "x381": {
        "mean": 18571.421426336932,
        "std": 2407.5843966536518
    },
    "x367": {
        "mean": 998984.9268308746,
        "std": 95924.58756943699
    },
    "x279": {
        "mean": 1051620.6385010537,
        "std": 26973.042971729436
    },
    "x526": {
        "mean": 1000896.5563751317,
        "std": 93812.64558504136
    },
    "x758": {
        "mean": 9983.33623849529,
        "std": 935.3667191074618
    },
    "x105": {
        "mean": 10.547658884110767,
        "std": 0.2695167219829672
    },
    "x770": {
        "mean": 1049799.5671759746,
        "std": 26749.286376301043
    },
    "x213": {
        "mean": 1.964437885078414,