{"NMAE": 0.10668920451863041, "R2": 0.2885756492614746, "Accuracy": 56.57894736842105, "best_cv_loss": 0.49758620038628576}