{"NMAE": 0.10125179524156365, "R2": 0.4065293073654175, "Accuracy": 62.82051282051282, "best_cv_loss": 0.6649655684828758}