{
    "distance": {
        "mean": 19.564516121341335,
        "std": 21.13476353187363
    },
    "speed": {
        "mean": 42.07096774193548,
        "std": 13.485289321914212
    },
    "temp_outside": {
        "mean": 11.458064516129033,
        "std": 7.073110106345215
    },
    "AC": {
        "mean": 0.06774193548387097,
        "std": 0.25130253811048076
    },
    "rain": {
        "mean": 0.12580645161290321,
        "std": 0.33163110280170227
    },
    "sun": {
        "mean": 0.09032258064516129,
        "std": 0.2866433534390067
    },
    "specials_AC": {
        "mean": 0.012903225806451613,
        "std": 0.11285713344861877
    },
    "specials_AC Sun": {
        "mean": 0.0032258064516129032,
        "std": 0.05670450268144188
    },
    "specials_AC rain": {
        "mean": 0.01935483870967742,
        "std": 0.1377687516391137
    },
    "specials_AC snow": {
        "mean": 0.0,
        "std": 1.0
    },
    "specials_AC sun": {
        "mean": 0.0032258064516129032,
        "std": 0.05670450268144181
    },
    "specials_ac": {
        "mean": 0.02258064516129032,
        "std": 0.14856230889896074
    },
    "specials_ac rain": {
        "mean": 0.0032258064516129032,
        "std": 0.056704502681441796
    },
    "specials_half rain half sun": {
        "mean": 0.0032258064516129032,
        "std": 0.05670450268144178
    },
    "specials_rain": {
        "mean": 0.08709677419354839,
        "std": 0.2819768184064532
    },
    "specials_snow": {
        "mean": 0.00967741935483871,
        "std": 0.09789671551931303
    },
    "specials_sun": {
        "mean": 0.08064516129032258,
        "std": 0.2722894034860353
    },
    "specials_sun ac": {
        "mean": 0.0032258064516129032,
        "std": 0.05670450268144197
    },
    "gas_type_E10": {
        "mean": 0.4,
        "std": 0.4898979485566343
    },
    "gas_type_SP98": {
        "mean": 0.6,
        "std": 0.4898979485566343
    },
    "refill gas_E10": {
        "mean": 0.00967741935483871,
        "std": 0.09789671551931303
    },
    "refill gas_SP98": {
        "mean": 0.01935483870967742,
        "std": 0.1377687516391137
    }
}