{"NMAE": 0.1268741053694988, "R2": 0.3184860944747925, "Accuracy": 58.333333333333336, "best_cv_loss": 0.5024273499846459}