{
    "distance": {
        "mean": 19.607531381950217,
        "std": 23.04268982159036
    },
    "speed": {
        "mean": 41.97907949790795,
        "std": 13.188510182212244
    },
    "temp_inside": {
        "mean": 21.96234309623431,
        "std": 1.0332567998820756
    },
    "temp_outside": {
        "mean": 11.665271966527197,
        "std": 7.128592247877167
    },
    "AC": {
        "mean": 0.06694560669456066,
        "std": 0.24992777444465472
    }
}